,Pair,Score,label,gpt_rating
245,"(20319, 30685)",0.20972157902521046,negative,2.0
4493,"(32924, 95231)",0.027975721955090578,negative,2.0
4583,"(26670, 59665)",0.09116463207326861,negative,1.0
2242,"(46270, 41224)",-0.03411408536069898,negative,5.0
3407,"(12025, 95439)",0.04374608425602403,negative,3.0
807,"(67375, 83871)",0.034943434780312976,negative,7.0
693,"(97101, 85365)",0.10477148050946228,negative,5.0
515,"(21305, 40021)",0.029340778819106586,negative,7.0
3224,"(95477, 17585)",-0.00661956497926261,negative,3.0
549,"(62114, 79144)",-0.032898332948112896,negative,3.0
4846,"(95616, 18325)",0.14232921949037436,negative,7.0
3863,"(73624, 40727)",0.03635086080434723,negative,3.0
29,"(18462, 35482)",0.16271368037619804,negative,3.0
3960,"(37227, 17791)",0.24488459420177636,negative,
1444,"(7927, 64884)",0.16152577498569065,negative,3.0
4313,"(97193, 33593)",0.07984030011929519,negative,3.0
484,"(36077, 5661)",-0.024695152673985588,negative,5.0
3235,"(83144, 87365)",-0.0352505893817095,negative,2.0
1175,"(68659, 76869)",0.11642457570199083,negative,7.0
274,"(90852, 71231)",-0.07532794547771247,negative,7.0
4383,"(49739, 79437)",-0.010670171133786715,negative,3.0
3546,"(62289, 27177)",0.14992698795978804,negative,7.0
4626,"(64156, 88283)",-0.043717509410377865,negative,2.0
1122,"(77874, 3814)",0.08237528209871418,negative,3.0
1589,"(28783, 60019)",0.11316721690544812,negative,5.0
2133,"(73114, 100476)",0.01695256494984447,negative,7.0
4182,"(100001, 95896)",-0.08791729542899944,negative,3.0
3751,"(4123, 68766)",-0.20309279149322332,negative,3.0
2636,"(28080, 28195)",0.025315745927683417,negative,2.0
1961,"(15098, 56121)",-0.0256356943616315,negative,7.0
3879,"(84701, 77849)",-0.04577459386459067,negative,3.0
88,"(100135, 9363)",0.02480821270139777,negative,3.0
987,"(65904, 26533)",-0.06211502721287841,negative,3.0
1259,"(23345, 10111)",0.2444860011405382,negative,7.0
2127,"(89249, 45982)",0.15779147602339605,negative,3.0
2136,"(34594, 87429)",0.02668819457025254,negative,7.0
2806,"(99762, 85715)",0.17216594421136738,negative,3.0
1612,"(96464, 90326)",-0.07590182734236736,negative,3.0
1441,"(18879, 2261)",0.00024221040515747666,negative,5.0
1885,"(98373, 59850)",0.06866995213124655,negative,3.0
4174,"(31262, 36949)",0.014590690113736208,negative,3.0
3234,"(9143, 59376)",0.14318742537236376,negative,7.0
1808,"(86597, 58679)",0.0423242118120364,negative,2.0
4100,"(18484, 80374)",-0.03089821357214882,negative,2.0
4132,"(70313, 55590)",-0.11715572696323738,negative,3.0
1676,"(46617, 42108)",-0.044946738280610646,negative,3.0
4792,"(58230, 93165)",-0.017658396705109505,negative,7.0
4716,"(5544, 21137)",-0.07509824143977592,negative,7.0
4908,"(11569, 49639)",0.13405291313607087,negative,2.0
4567,"(90291, 19780)",-0.07584085958234027,negative,7.0
4055,"(29288, 12384)",-0.01057753909714256,negative,7.0
4161,"(21009, 89010)",0.015489920817073403,negative,3.0
3630,"(15748, 49308)",0.05241214429680803,negative,3.0
4629,"(14898, 41001)",0.03046024515989231,negative,7.0
2135,"(40492, 43027)",-0.05684965597261432,negative,5.0
4920,"(96904, 67149)",0.057514366972550475,negative,2.0
2153,"(25006, 99300)",0.12158962521542684,negative,2.0
4722,"(15738, 79075)",0.015456463330603971,negative,7.0
3847,"(19752, 28269)",-0.04167757230573947,negative,3.0
3134,"(50845, 30766)",0.07958271154931391,negative,7.0
2416,"(25162, 76893)",0.16575875268276577,negative,7.0
3836,"(24232, 60928)",-0.044879749217678004,negative,3.0
2507,"(69405, 5200)",0.12115226510887687,negative,7.0
2145,"(34139, 33444)",0.06986912839092768,negative,3.0
1630,"(24696, 51372)",-0.05954898580905812,negative,5.0
1408,"(13686, 79887)",0.23447293417431808,negative,3.0
3595,"(9443, 39276)",0.023920717348675458,negative,3.0
2411,"(33341, 27419)",0.10683300585686238,negative,3.0
3223,"(60415, 57328)",0.1749383250819274,negative,3.0
3939,"(55270, 94516)",-0.016977543721447285,negative,3.0
346,"(11207, 15073)",-0.13196583122899305,negative,2.0
3111,"(75861, 89950)",0.017139424071864508,negative,2.0
2179,"(52967, 9743)",-0.05366985307403635,negative,3.0
1212,"(8299, 36331)",0.09377411257572751,negative,3.0
2541,"(24166, 69117)",-0.07255080273020166,negative,5.0
856,"(61949, 77828)",0.1858389198876165,negative,3.0
1957,"(89737, 47740)",0.1093404781973052,negative,7.0
43,"(92228, 70102)",0.09615796950402573,negative,3.0
4001,"(24988, 58881)",0.03483461354335669,negative,3.0
3878,"(2879, 100492)",-0.007467511304747994,negative,7.0
3976,"(20442, 4842)",0.10623222216567174,negative,3.0
2751,"(71786, 15362)",-0.057480478309673746,negative,5.0
3553,"(38824, 50416)",0.05466589617073663,negative,5.0
4144,"(53027, 100532)",0.0530458589752235,negative,3.0
645,"(22632, 96479)",-0.069323707180067,negative,3.0
529,"(10468, 18461)",-0.06093330206892264,negative,3.0
4032,"(63475, 83894)",-0.10708854644217952,negative,3.0
1217,"(73495, 3196)",0.028258960634973813,negative,5.0
202,"(60117, 59264)",0.08288805405771815,negative,3.0
1303,"(20328, 209)",0.07789009978938832,negative,7.0
867,"(11474, 159)",-0.021696627864087468,negative,5.0
4229,"(24488, 96279)",-0.08487311555997946,negative,5.0
4901,"(275, 21008)",-0.0596725050478346,negative,3.0
4363,"(66401, 92179)",-0.025175526169002354,negative,3.0
4746,"(39428, 57237)",0.1846168032788433,negative,7.0
3569,"(94389, 99584)",0.07365290892810786,negative,3.0
1976,"(78242, 70277)",-0.14275546021614846,negative,5.0
97,"(91021, 100265)",-0.12453447061763995,negative,1.0
4642,"(28412, 65326)",-0.022709394736708584,negative,3.0
2650,"(43105, 55863)",0.04951407187648095,negative,5.0
4119,"(77666, 8250)",0.13102303514470232,negative,7.0
422,"(88499, 32430)",0.1982047672368869,negative,3.0
46,"(39662, 27030)",0.11650656998993546,negative,3.0
1453,"(34393, 83800)",-0.027934594208223425,negative,3.0
1207,"(60638, 99427)",0.027654766795901658,negative,7.0
2402,"(42415, 88251)",0.16223770870207804,negative,3.0
3447,"(14709, 85765)",-0.06709025110178592,negative,5.0
1978,"(28566, 37355)",0.10447862804406355,negative,3.0
3305,"(8003, 26471)",-0.13657232157312416,negative,1.0
2460,"(13194, 91182)",0.09298208621388093,negative,5.0
3498,"(57566, 40692)",-0.023303932013197838,negative,7.0
1124,"(29925, 61224)",0.12608429801976057,negative,7.0
3983,"(82928, 43293)",-0.07495412795438336,negative,3.0
2637,"(66192, 15609)",0.010026688119948966,negative,3.0
2449,"(24939, 47102)",-0.07818855039449756,negative,1.0
3986,"(44807, 27740)",0.022164902401919942,negative,3.0
3172,"(11179, 90285)",0.09899715284195326,negative,3.0
1811,"(37165, 87803)",0.07186215928095087,negative,3.0
2193,"(10971, 80056)",0.01893243742701644,negative,7.0
3187,"(10934, 54377)",0.06739787651968152,negative,3.0
4699,"(56246, 98634)",0.18410696908586088,negative,3.0
2651,"(61045, 45517)",-0.004783789963944261,negative,3.0
537,"(52381, 17574)",0.16960584078912053,negative,3.0
1683,"(27213, 18663)",-0.02594636298527498,negative,2.0
3097,"(50184, 85203)",0.06014279705250244,negative,7.0
2408,"(42478, 38593)",0.017477425442704114,negative,3.0
3217,"(37040, 8678)",-0.027759755456362483,negative,5.0
4299,"(18558, 5235)",0.04083341464438964,negative,3.0
1523,"(93893, 40544)",-0.011918868887056375,negative,3.0
1400,"(51354, 87071)",-0.1225716514896006,negative,7.0
4478,"(68857, 90593)",-0.0933467138595934,negative,5.0
4331,"(28082, 56305)",0.021232125700335204,negative,1.0
3238,"(68677, 92889)",-0.02536271969398469,negative,3.0
2293,"(27309, 32391)",0.05482469110814753,negative,3.0
2156,"(47688, 80078)",0.005244828345260393,negative,3.0
4534,"(10468, 100231)",0.11905192009011575,negative,3.0
146,"(1145, 87499)",-0.09854206489251013,negative,3.0
4530,"(11, 75244)",-0.04011057332007746,negative,7.0
1241,"(69672, 14705)",-0.04871172391014022,negative,3.0
1288,"(45258, 34612)",-0.037327860512223726,negative,3.0
123,"(64763, 75265)",0.023976346469932887,negative,5.0
2830,"(84757, 64683)",-0.12957616599585922,negative,5.0
4394,"(18422, 20517)",0.12307248813646825,negative,3.0
4594,"(85650, 58092)",-0.06980041723285867,negative,7.0
1143,"(27731, 34415)",-0.11472637515574935,negative,3.0
1413,"(7252, 65635)",-0.027388054121344846,negative,3.0
3980,"(96277, 58218)",0.03886343011956748,negative,3.0
330,"(9007, 50125)",-0.02976441082688511,negative,7.0
4232,"(61755, 53525)",0.1107120020811094,negative,3.0
4789,"(89288, 28133)",-0.07086028079132178,negative,2.0
3827,"(17031, 13298)",0.00983045287002127,negative,7.0
4252,"(34797, 94458)",-0.011801566275879945,negative,3.0
4742,"(72904, 7489)",0.11146254727221087,negative,7.0
1365,"(48882, 53822)",0.003174246284724341,negative,3.0
3240,"(54005, 95133)",0.3537411676158781,negative,5.0
1148,"(77428, 41462)",0.011523628072229158,negative,7.0
1824,"(2358, 31805)",0.1281867059898603,negative,5.0
705,"(77565, 78382)",0.07728495909956998,negative,5.0
2289,"(10559, 57229)",0.040750237450006936,negative,3.0
2569,"(49157, 32717)",0.06700256339622157,negative,5.0
4339,"(72979, 44014)",0.17760890281629016,negative,3.0
3982,"(15586, 95651)",0.07404331155519803,negative,7.0
3116,"(16294, 68335)",0.36242550417376534,negative,7.0
2178,"(79548, 30131)",-0.038650039867201044,negative,3.0
1863,"(6126, 7151)",-0.013917805608340869,negative,3.0
1151,"(58687, 60723)",0.06118478345743304,negative,3.0
4489,"(101311, 57819)",0.0369749292578614,negative,2.0
4092,"(50012, 48951)",0.024144071641564936,negative,5.0
831,"(42057, 29689)",0.08391917192493376,negative,5.0
3615,"(59395, 80338)",0.06722109476470806,negative,3.0
2876,"(57856, 12953)",-0.061086019903558705,negative,3.0
3436,"(26156, 85353)",0.04926228955694199,negative,3.0
3132,"(47728, 90487)",0.07140394164187447,negative,5.0
2002,"(69603, 12315)",-0.0366267012978702,negative,3.0
368,"(39756, 13755)",0.20042041335470429,negative,3.0
1708,"(26457, 18127)",0.4603306148503107,negative,3.0
1357,"(93759, 29830)",-0.0016185298955068428,negative,7.0
937,"(18778, 90198)",0.24287991846098694,negative,3.0
3258,"(78284, 41059)",-0.029454848353729503,negative,3.0
4899,"(64099, 75120)",0.11408893390097657,negative,7.0
3046,"(69574, 42932)",-0.09879010062186264,negative,3.0
3977,"(91978, 50951)",0.004296987483671704,negative,3.0
3363,"(21433, 84629)",0.03081684324947543,negative,3.0
3024,"(83806, 34984)",-0.17942022047698122,negative,5.0
4264,"(2353, 16919)",-0.0009701397017223973,negative,3.0
4470,"(46402, 24241)",0.4088186626535528,negative,5.0
3943,"(13472, 63663)",0.05804675799694782,negative,7.0
2489,"(60833, 27209)",-0.07160020837194309,negative,3.0
3231,"(42543, 36119)",0.08181219356842018,negative,7.0
2587,"(40106, 98041)",0.09378824863116364,negative,5.0
433,"(25619, 21829)",-0.09621540977949342,negative,7.0
3127,"(94028, 48723)",-0.004455351267707304,negative,3.0
2945,"(2987, 8330)",0.009063623459722007,negative,3.0
4260,"(1716, 89817)",0.0680688247684737,negative,3.0
1657,"(14464, 83323)",0.05271199255981701,negative,3.0
413,"(98898, 64720)",-0.08600268235979668,negative,5.0
1962,"(93650, 34421)",-0.060666979426057185,negative,3.0
2696,"(93411, 8499)",-0.0966234867027205,negative,3.0
3643,"(78475, 67080)",0.12091381588695202,negative,3.0
667,"(95911, 13555)",0.073441862815426,negative,2.0
2220,"(57965, 28289)",0.04699094375268173,negative,3.0
1090,"(71543, 34562)",0.01763189044653614,negative,7.0
543,"(71421, 426)",0.011669893769901109,negative,3.0
1373,"(20773, 79344)",-0.022457325894615285,negative,7.0
2517,"(10586, 94479)",0.016902082956049093,negative,3.0
1370,"(69344, 44275)",-0.0756838634661785,negative,1.0
1586,"(90196, 97275)",0.02915617446335858,negative,3.0
4764,"(92297, 12917)",-0.0021350102583636427,negative,3.0
4038,"(85825, 69311)",-0.012197462012874834,negative,7.0
934,"(37656, 11655)",0.026400599183881962,negative,3.0
4168,"(39833, 77453)",0.18447785302283606,negative,7.0
3931,"(30501, 90454)",0.0763502155701242,negative,3.0
3018,"(1625, 97543)",-0.04377870444182494,negative,7.0
2757,"(27113, 16888)",0.07472767143460676,negative,3.0
2420,"(100013, 49029)",0.06353370081621994,negative,7.0
1163,"(47192, 3339)",0.0481892150571097,negative,7.0
3203,"(19493, 10729)",0.1289914783989493,negative,7.0
4679,"(34283, 66119)",0.1931060089589398,negative,3.0
766,"(40081, 32024)",0.047982345157633124,negative,2.0
1638,"(89809, 73027)",0.14821835537139583,negative,3.0
2555,"(30544, 20823)",0.04529932078560775,negative,3.0
1208,"(23577, 32175)",0.012265578218975691,negative,7.0
4031,"(4944, 360)",-0.049414177807265466,negative,3.0
3734,"(23942, 68928)",-0.06489253372548495,negative,3.0
2325,"(49475, 61027)",-0.02265501183361871,negative,2.0
4268,"(86750, 44851)",-0.023223026665218624,negative,2.0
53,"(46442, 61378)",0.3033321101301496,negative,3.0
3837,"(329, 60363)",0.007202757870425648,negative,3.0
3135,"(44515, 45240)",-0.05553182108709786,negative,5.0
4566,"(85430, 99941)",0.008893545121310135,negative,3.0
2736,"(78735, 60131)",-0.10345913548574794,negative,3.0
2370,"(18091, 6715)",-0.07468347794204278,negative,7.0
1998,"(21352, 71602)",-0.016869655601962713,negative,3.0
1302,"(40073, 17243)",0.05688886073266028,negative,1.0
4517,"(51015, 49643)",0.03598373243571485,negative,3.0
708,"(68813, 19015)",-0.07078550469648566,negative,5.0
2190,"(70943, 97137)",-0.004929410029547096,negative,2.0
3464,"(94776, 87333)",0.06630109815824878,negative,
2233,"(80694, 61667)",-0.05670729920193204,negative,3.0
4179,"(56093, 47150)",0.042627856023615816,negative,7.0
845,"(88195, 9018)",-0.061108683615428316,negative,3.0
873,"(6276, 18372)",-0.04785619303206676,negative,3.0
1363,"(53214, 40565)",0.08927856733683724,negative,3.0
3421,"(68525, 93709)",0.045677372216122746,negative,3.0
2315,"(29225, 50882)",0.10449667976765772,negative,3.0
2227,"(91514, 16037)",-0.00446000611114113,negative,7.0
850,"(4170, 59449)",-0.00645655432373218,negative,3.0
3357,"(16587, 76554)",0.10916523965876097,negative,7.0
3003,"(20392, 6043)",-0.015052718627115871,negative,3.0
2972,"(82962, 87163)",0.01259818483468013,negative,3.0
695,"(22246, 49304)",0.012826076701327368,negative,3.0
1360,"(47385, 50295)",0.1702864718956457,negative,3.0
3838,"(30595, 5446)",0.06376038742390643,negative,7.0
2591,"(54554, 80078)",0.15745233379399148,negative,3.0
4561,"(13660, 24273)",0.14781192020523032,negative,3.0
218,"(4466, 34999)",0.20486003045551815,negative,5.0
4827,"(55983, 50930)",-0.12169226640641936,negative,1.0
747,"(85869, 83199)",-0.03386331073616381,negative,7.0
2394,"(17504, 38097)",0.06665989523465421,negative,3.0
3978,"(40338, 41464)",0.00405996608174727,negative,3.0
1745,"(21946, 57325)",-0.0632695622763813,negative,7.0
2107,"(7724, 49725)",0.16757462223063363,negative,7.0
4302,"(90032, 30908)",0.07620985369938038,negative,3.0
640,"(37817, 5557)",0.06155891149564209,negative,3.0
4877,"(12280, 2275)",0.05071528269438948,negative,5.0
3650,"(74756, 235)",0.048608637243281155,negative,7.0
3117,"(83775, 72459)",-0.06536077333501551,negative,3.0
2739,"(47740, 65490)",-0.10392418205182853,negative,7.0
2716,"(99770, 8694)",0.0018136588771815246,negative,7.0
3655,"(65587, 26731)",-0.03533781310890116,negative,7.0
1838,"(23922, 29500)",0.11407942078036915,negative,7.0
606,"(70234, 19184)",0.03902474144043057,negative,5.0
1117,"(21863, 32337)",-0.055097740145972685,negative,2.0
406,"(38512, 30856)",-0.10110943203883069,negative,3.0
1139,"(6572, 3950)",-0.11654602703480402,negative,3.0
3520,"(18230, 50618)",0.04508290815073233,negative,3.0
1733,"(63034, 34395)",0.08217531273275341,negative,3.0
1673,"(74564, 41484)",0.004092539806968585,negative,3.0
3267,"(71838, 22289)",-0.07789287505120175,negative,3.0
3232,"(30038, 13100)",-0.06265145978635925,negative,3.0
2030,"(90232, 25317)",0.013481403497970605,negative,4.0
2924,"(98881, 51313)",0.05764000727406268,negative,5.0
2008,"(62650, 45098)",0.14954031329861578,negative,3.0
3793,"(22081, 44732)",-0.0684080331199628,negative,3.0
4851,"(18809, 27440)",-0.12358520904138937,negative,3.0
2755,"(35069, 43190)",-0.06399076010769658,negative,3.0
117,"(68164, 55296)",0.08771832248288992,negative,5.0
1385,"(31365, 81353)",0.3110000953983943,negative,3.0
589,"(43390, 71220)",0.13006509906795505,negative,3.0
2790,"(29884, 1796)",0.09471141223458382,negative,7.0
1634,"(3900, 77347)",-0.0694328009125115,negative,7.0
1045,"(37069, 71563)",0.02663380238916817,negative,5.0
4270,"(35763, 78860)",0.06804383683833136,negative,3.0
3570,"(743, 40124)",-0.00030476587685057677,negative,3.0
4856,"(20410, 81273)",-0.14572237293378104,negative,1.0
4180,"(26111, 37293)",0.21550929786756606,negative,7.0
3763,"(16077, 3612)",0.03552501763560747,negative,3.0
4873,"(33856, 33960)",0.0903902146152601,negative,3.0
379,"(58204, 14263)",-0.05397589071779878,negative,3.0
4815,"(72402, 25479)",-0.08247891533871564,negative,7.0
3522,"(81844, 44808)",0.015314286926257217,negative,3.0
3941,"(99456, 36512)",0.10575903002572051,negative,5.0
4593,"(62623, 8116)",0.08952213568373629,negative,3.0
1356,"(15265, 75200)",0.10425240536207095,negative,7.0
742,"(43261, 76986)",0.3016443768469689,negative,3.0
2946,"(25973, 64558)",0.009942658099579536,negative,7.0
2656,"(51141, 10716)",-0.005546677996422104,negative,7.0
3869,"(60796, 65509)",0.04292750142714001,negative,3.0
1323,"(46113, 7605)",-0.07770789392878176,negative,7.0
4008,"(7420, 42147)",0.1660365720377405,negative,5.0
1206,"(73685, 47246)",-0.028890027854672463,negative,3.0
2875,"(48582, 29500)",-0.004996727317842696,negative,7.0
290,"(61130, 91241)",0.0765661873489398,negative,7.0
969,"(19232, 98009)",-0.07775858482885803,negative,5.0
392,"(55133, 97042)",-0.010772043966922742,negative,7.0
1920,"(95448, 14903)",0.11664605931664485,negative,7.0
420,"(38302, 70822)",0.0777537157824755,negative,3.0
3358,"(4213, 10044)",-0.04188186925675494,negative,2.0
42,"(63643, 21202)",-0.08006897187320595,negative,3.0
3745,"(70188, 4445)",0.03400659975954413,negative,3.0
393,"(83303, 63276)",0.14829829804986497,negative,3.0
2649,"(66363, 2655)",0.07018511015674514,negative,3.0
1629,"(5139, 57766)",0.028598681574688308,negative,7.0
1712,"(64346, 86584)",0.08647307837612192,negative,5.0
2836,"(32195, 203)",-0.008860994069352871,negative,3.0
2304,"(57797, 51843)",0.05197938251458937,negative,3.0
3270,"(95446, 48638)",-0.04291488498356054,negative,3.0
3159,"(95627, 3666)",-0.022971806607333292,negative,3.0
4689,"(54877, 28387)",0.10493573153703861,negative,1.0
1879,"(71419, 25295)",0.031828750158064134,negative,5.0
4367,"(50187, 24871)",-0.10413617135906503,negative,1.0
4221,"(44180, 41128)",0.10873162843558476,negative,3.0
3473,"(66297, 28936)",0.1555065801155497,negative,3.0
814,"(55502, 32104)",0.17989680553194343,negative,3.0
4171,"(46827, 57272)",0.028332210837225077,negative,2.0
984,"(93060, 740)",-0.07926104741920406,negative,2.0
83,"(58802, 16272)",0.045548172225058595,negative,3.0
4966,"(54376, 21001)",0.03507504895583069,negative,2.0
4271,"(11900, 23354)",0.16569920114002298,negative,5.0
3938,"(65161, 57900)",0.14544252917305114,negative,3.0
333,"(1800, 17192)",-0.0018487706391265048,negative,3.0
4245,"(54422, 47561)",-0.042412945189886336,negative,3.0
595,"(32979, 46412)",-0.04344902023456589,negative,5.0
930,"(54513, 14641)",0.11906845863376606,negative,3.0
3336,"(25890, 51985)",0.06186648153849211,negative,5.0
483,"(26886, 63611)",0.1016434154005734,negative,2.0
2623,"(63192, 52183)",-0.03646115262779059,negative,3.0
121,"(54395, 94170)",-0.062901116445911,negative,3.0
2660,"(79898, 64347)",-0.01102830771158875,negative,3.0
3607,"(96200, 23206)",-0.004764792039699754,negative,3.0
3560,"(49818, 63623)",0.20473524860720177,negative,3.0
4428,"(91827, 53006)",0.288507679268016,negative,3.0
1380,"(97098, 18484)",-0.005547272087094006,negative,1.0
1767,"(5167, 71022)",0.15487910109361774,negative,3.0
2916,"(59288, 88518)",-0.13323295044865055,negative,3.0
376,"(60480, 45802)",0.236213709434466,negative,3.0
998,"(6022, 59750)",0.03310332096847762,negative,3.0
4222,"(88620, 99288)",-0.031115721221139283,negative,7.0
16,"(32369, 44617)",-0.0270853790596169,negative,7.0
1592,"(93806, 2759)",-0.05010327041958845,negative,2.0
344,"(35018, 100890)",-0.04180075821129872,negative,5.0
1702,"(10198, 94817)",-0.12361655328354844,negative,3.0
4022,"(6339, 59999)",-0.09520835518506203,negative,5.0
3538,"(60922, 100071)",0.035011662853555316,negative,5.0
4696,"(1365, 8387)",0.028078849058854233,negative,5.0
658,"(86752, 95742)",0.035048640366397044,negative,2.0
222,"(74919, 19699)",0.057847616426077525,negative,5.0
1719,"(15201, 34536)",-0.09581182802302134,negative,3.0
3505,"(70734, 31076)",0.1560301402914061,negative,5.0
3051,"(35689, 44289)",0.0006550145497542597,negative,3.0
2926,"(77920, 33609)",0.05465288972874531,negative,5.0
3591,"(93706, 38565)",-0.11814424826481232,negative,5.0
1042,"(80631, 21707)",0.23854263477387616,negative,3.0
2377,"(36130, 36258)",0.32227445567453306,negative,7.0
40,"(36322, 75507)",0.07997543541573754,negative,3.0
686,"(59175, 94250)",0.08989407491111244,negative,7.0
2073,"(66881, 9978)",0.01761291142112129,negative,7.0
511,"(18780, 25550)",0.058157531497229215,negative,3.0
2037,"(86928, 61108)",0.0032302147897718195,negative,7.0
566,"(63479, 45636)",0.04463770898322779,negative,5.0
2068,"(37187, 72628)",0.13675899519082288,negative,7.0
3211,"(62782, 57947)",0.03772262313296226,negative,5.0
4909,"(38173, 55856)",0.05346711932251612,negative,7.0
1470,"(91956, 84613)",0.36961867829633704,negative,3.0
1034,"(11849, 51327)",0.16144260068402655,negative,5.0
2936,"(4014, 38548)",0.08668173348334453,negative,5.0
3928,"(84424, 25474)",0.028429651177375004,negative,3.0
1294,"(29546, 88410)",0.13597839084327634,negative,3.0
2793,"(67586, 51141)",-0.07691289788471103,negative,3.0
3191,"(26363, 47459)",0.01256923267525035,negative,7.0
4866,"(57816, 22244)",-0.08597361098673767,negative,7.0
3593,"(41264, 56098)",0.11569675974096606,negative,3.0
1935,"(95193, 16843)",0.01823013852195192,negative,3.0
76,"(51966, 16973)",0.07679494776022297,negative,2.0
761,"(59552, 90117)",0.1056358766656481,negative,3.0
1856,"(20398, 81685)",-0.021119367783190318,negative,7.0
3666,"(39075, 36382)",-0.06069955180032885,negative,1.0
829,"(82017, 37522)",-0.06412331053949166,negative,1.0
584,"(11264, 33445)",0.012870343597975866,negative,3.0
235,"(24449, 89619)",-0.07890930434145763,negative,3.0
2020,"(91193, 89022)",0.07772268269637123,negative,3.0
1463,"(92584, 43335)",0.16811787982064605,negative,5.0
3824,"(32116, 88979)",0.038160705755747086,negative,3.0
4322,"(94248, 11171)",0.07816123809492709,negative,2.0
1950,"(59453, 30805)",-0.04839854623463457,negative,3.0
2640,"(48637, 33074)",-0.016497079157752927,negative,3.0
2077,"(50971, 89133)",0.07175640574636644,negative,3.0
3875,"(2325, 71386)",0.006316307765188267,negative,7.0
2500,"(61687, 4592)",0.19835196522774728,negative,3.0
762,"(63692, 24524)",0.20438244335482286,negative,3.0
2775,"(69827, 61631)",0.005120837016911732,negative,1.0
2825,"(45596, 21295)",-0.04425077141821244,negative,3.0
4763,"(47201, 48974)",-0.03858535980276499,negative,7.0
3057,"(4960, 36283)",0.14180455403123254,negative,7.0
4523,"(51907, 11460)",0.025443296514618206,negative,3.0
1872,"(89485, 24245)",0.09939208873882907,negative,5.0
2768,"(22463, 36188)",0.040179915814009856,negative,7.0
607,"(6902, 20647)",-0.09565778208616466,negative,3.0
2880,"(2353, 11999)",0.16615084985884063,negative,7.0
4263,"(63041, 66145)",0.012863610334339044,negative,3.0
365,"(31259, 48879)",0.004504319742426561,negative,3.0
4079,"(101317, 70945)",0.0023579250995545455,negative,7.0
1182,"(63869, 12712)",0.0029006999201719418,negative,2.0
3905,"(90094, 93753)",0.013672294404870158,negative,7.0
1876,"(18272, 31834)",0.047145489296366194,negative,2.0
3589,"(50034, 98427)",-0.0214233622073315,negative,3.0
2686,"(92777, 86213)",-0.016672670717980783,negative,3.0
4359,"(83723, 37972)",0.329576209721931,negative,5.0
1371,"(47424, 37506)",-0.015993915772524507,negative,3.0
4325,"(73429, 20792)",-0.0781337501910655,negative,7.0
4230,"(54101, 45359)",0.1847660014718116,negative,3.0
2463,"(35507, 56591)",0.2259890938324331,negative,3.0
4062,"(60555, 74826)",0.21737242770097825,negative,7.0
1996,"(60698, 25101)",0.007282579562542967,negative,3.0
2659,"(1382, 62225)",-0.06254410915953756,negative,7.0
879,"(83474, 4047)",0.16500416148101332,negative,7.0
3182,"(66280, 63044)",0.2815092083360497,negative,7.0
85,"(13104, 15855)",0.09842479872400751,negative,5.0
4807,"(89168, 86022)",-0.06408024062300524,negative,3.0
4191,"(33993, 97101)",-0.01722350544996855,negative,2.0
3281,"(101278, 97571)",-0.09160451025345066,negative,3.0
4509,"(63798, 71782)",0.012290930438925814,negative,3.0
2847,"(47812, 59862)",-0.030268617382911773,negative,3.0
3012,"(90373, 27578)",-0.02429041520536745,negative,3.0
1628,"(21726, 4677)",0.02812691029768441,negative,3.0
4083,"(54284, 68436)",0.01603958025597193,negative,3.0
212,"(78968, 85041)",-0.026243198107400445,negative,2.0
3390,"(60977, 47191)",0.027171967237501544,negative,3.0
493,"(11797, 57056)",0.05906840660214823,negative,5.0
2772,"(14903, 54086)",-0.13154130568307623,negative,2.0
4604,"(36247, 6929)",-0.13644922464979348,negative,7.0
4178,"(73824, 82914)",0.04264669067493384,negative,3.0
1431,"(91558, 84989)",-0.04218495022428645,negative,7.0
2826,"(18622, 49081)",-0.0595267416414856,negative,7.0
80,"(18344, 45154)",0.09276004626382896,negative,5.0
2575,"(26520, 14833)",0.1047747014754459,negative,7.0
3072,"(14497, 71581)",-0.11806830342407693,negative,3.0
435,"(40334, 42001)",0.08236741367936158,negative,2.0
482,"(62094, 16734)",0.009928360638428776,negative,7.0
2359,"(82524, 21275)",-0.027211116045676078,negative,7.0
3658,"(45066, 46718)",0.13513586623028487,negative,2.0
1573,"(31793, 85240)",-0.017274618878566815,negative,3.0
3725,"(72778, 93057)",0.07286079406192385,negative,3.0
3128,"(83253, 85928)",-0.07982359240367118,negative,3.0
3818,"(38841, 82375)",0.011698482967529681,negative,7.0
3426,"(75036, 73711)",-0.12217563378075605,negative,5.0
4791,"(62166, 13720)",0.0908813831427393,negative,3.0
3688,"(73251, 73963)",-0.05550752426380199,negative,3.0
1873,"(84667, 32811)",0.04980283766531486,negative,7.0
2353,"(76946, 7155)",-0.015849162498200613,negative,3.0
1319,"(53537, 57829)",0.0890300336613453,negative,3.0
2879,"(71706, 26507)",0.050387889015671025,negative,5.0
60,"(27846, 95757)",-0.03620589165362335,negative,1.0
562,"(85169, 93739)",0.011540076397961221,negative,3.0
502,"(52946, 87620)",0.2809492704905401,negative,7.0
3209,"(25089, 27737)",-0.0017110216488197064,negative,3.0
1190,"(92145, 41697)",-0.05398194817251895,negative,5.0
3859,"(14138, 96752)",0.15402243985888536,negative,5.0
57,"(41519, 91676)",-0.05371794838528678,negative,3.0
2570,"(60262, 40971)",-0.0450617670203433,negative,3.0
2804,"(96705, 38907)",0.027104164650214528,negative,7.0
2195,"(99242, 86850)",-0.02626725164858993,negative,3.0
3432,"(80286, 23674)",0.17863936220595725,negative,7.0
1425,"(61874, 63971)",-0.040388855712121266,negative,3.0
3205,"(24347, 37208)",-0.0941714456080151,negative,1.0
805,"(5917, 15350)",-0.07128987871913955,negative,5.0
1115,"(1243, 56269)",-0.08997720398877318,negative,1.0
3000,"(25150, 13315)",-0.027744282126666013,negative,7.0
311,"(51138, 101474)",0.16118861908778265,negative,5.0
835,"(57428, 34045)",-0.04472787098030645,negative,3.0
2713,"(18059, 18161)",0.054003441630820714,negative,5.0
4056,"(39852, 15195)",-0.03411804507210922,negative,5.0
192,"(4254, 76173)",0.23101147449749876,negative,3.0
1731,"(71810, 62924)",-0.10646987878344054,negative,7.0
3096,"(34973, 18376)",0.1268411256511477,negative,5.0
1464,"(55155, 98314)",-0.014749692804956208,negative,5.0
470,"(9476, 4986)",-0.012579776076956494,negative,3.0
454,"(79146, 89416)",-0.06045376574991588,negative,7.0
304,"(100462, 59999)",0.05199610031254259,negative,7.0
2846,"(86998, 38)",-0.09449373369896225,negative,3.0
1528,"(85045, 4711)",0.013458689703739205,negative,3.0
3642,"(70038, 65879)",-0.05140596069969253,negative,5.0
201,"(77366, 10589)",-0.11464531498686202,negative,5.0
3935,"(30766, 58552)",0.0732302023309639,negative,3.0
4424,"(9324, 7432)",0.2122845413683167,negative,5.0
1285,"(48294, 87994)",0.20643103051494424,negative,3.0
1874,"(31543, 62941)",0.08267679123354796,negative,2.0
2527,"(90332, 77533)",0.20000178974518812,negative,7.0
1593,"(25316, 68412)",-0.09019491812866913,negative,2.0
1156,"(10217, 47488)",0.12204783346741996,negative,7.0
2674,"(72539, 41178)",0.04511921223860806,negative,7.0
4734,"(12696, 13097)",0.027774119841748074,negative,3.0
4703,"(27817, 55512)",0.048741565659217105,negative,3.0
2390,"(86772, 6101)",-0.05871411608215775,negative,3.0
605,"(73907, 74608)",-0.046244280540060884,negative,5.0
1246,"(747, 43326)",0.027324890786842887,negative,7.0
3405,"(50937, 45132)",0.034701358922337396,negative,3.0
4027,"(12068, 88562)",0.10203343413736388,negative,7.0
688,"(94124, 37470)",0.09127091580723269,negative,3.0
4071,"(3664, 35864)",0.02511035165412478,negative,3.0
1735,"(1074, 85124)",0.0941169145468571,negative,2.0
3822,"(29671, 4730)",-0.14171744259215052,negative,7.0
2526,"(17398, 45332)",-0.0735519518007782,negative,3.0
1409,"(29258, 33027)",0.17068939689895368,negative,7.0
924,"(65886, 66448)",0.06323250979063733,negative,3.0
4904,"(77787, 20529)",-0.057571541905983445,negative,2.0
1775,"(45374, 58672)",0.07348727756171998,negative,3.0
840,"(100692, 20706)",0.08520886972270263,negative,2.0
275,"(79173, 79414)",-0.09593970309120162,negative,5.0
1227,"(56087, 75781)",0.09718964848354542,negative,7.0
647,"(86130, 39802)",-0.046980225604240644,negative,3.0
219,"(58115, 87701)",0.07961862641195,negative,3.0
2989,"(71742, 93399)",-0.012474370456592339,negative,5.0
774,"(83016, 63832)",0.009386318775861439,negative,3.0
1486,"(38216, 93230)",0.19377359564400676,negative,3.0
707,"(98588, 80636)",-0.01844451955469955,negative,3.0
2611,"(41329, 97619)",-0.08900475363170463,negative,3.0
828,"(99892, 20137)",0.007948424602811102,negative,5.0
2447,"(85849, 45317)",-0.08891279684082469,negative,5.0
3318,"(30232, 40080)",0.13617895483182302,negative,5.0
4456,"(54582, 87256)",-0.05951066212989614,negative,5.0
2574,"(81211, 100277)",0.12395679709452326,negative,2.0
3351,"(4406, 28037)",0.10099713511907374,negative,3.0
3671,"(73147, 26904)",0.14798120974001508,negative,7.0
2883,"(73829, 70086)",-0.004934429569168532,negative,1.0
709,"(1757, 32085)",-0.01212943918317443,negative,
1010,"(74839, 91168)",0.19138014081577043,negative,5.0
1216,"(80640, 64520)",0.08375410537589623,negative,5.0
2380,"(85244, 91674)",0.051610174696770636,negative,3.0
1144,"(47813, 57703)",-0.13974651591372036,negative,5.0
3575,"(82550, 98601)",-0.017551924720370562,negative,2.0
4847,"(80821, 204)",0.2100943344977207,negative,3.0
4525,"(31856, 7817)",-0.03429391105378439,negative,5.0
4421,"(10146, 33357)",0.10420302471313708,negative,7.0
1483,"(3488, 67431)",0.06778459826834332,negative,7.0
1065,"(48793, 63848)",-0.028279943433786925,negative,2.0
2167,"(79530, 18164)",-0.032105573643457064,negative,3.0
4560,"(8732, 72911)",0.05101564675261294,negative,5.0
3554,"(81715, 100563)",0.11647741190005073,negative,5.0
2222,"(100979, 55013)",-0.04197530321325142,negative,7.0
3120,"(95249, 43921)",0.09285180551014974,negative,3.0
2219,"(47460, 92511)",0.14627759292063197,negative,3.0
1446,"(84903, 41927)",-0.15618673286864038,negative,3.0
1132,"(40069, 47043)",0.02098229248687793,negative,3.0
2225,"(35049, 56615)",-0.05517353605026373,negative,5.0
3556,"(65291, 58876)",0.026038882189680073,negative,7.0
4940,"(7109, 74323)",-0.06301543676718745,negative,7.0
1651,"(27791, 89728)",-0.12839977462484373,negative,3.0
3500,"(82361, 91549)",0.21280318439820867,negative,5.0
4678,"(44939, 10086)",-0.08269006849954533,negative,7.0
3877,"(21149, 89111)",0.3751731055907396,negative,3.0
2160,"(61028, 28190)",-0.07406251840289695,negative,3.0
4759,"(41113, 49181)",0.04032923010968975,negative,2.0
3077,"(38151, 34173)",-0.014433447333074112,negative,3.0
4395,"(54503, 28514)",-0.07724038813253489,negative,3.0
2256,"(12161, 14403)",0.10663796650256097,negative,3.0
1882,"(8301, 31579)",-0.12927525609023263,negative,7.0
3621,"(65659, 83693)",0.1519332148799611,negative,3.0
1948,"(97057, 62115)",0.1298382899239164,negative,7.0
719,"(11068, 96878)",0.09649449165459825,negative,3.0
3296,"(9081, 87423)",-0.08753644693603535,negative,5.0
2626,"(10559, 73969)",-0.1136105692792553,negative,5.0
1407,"(27933, 96601)",-0.0762600175157858,negative,7.0
475,"(58687, 5673)",-0.024417925628195378,negative,7.0
1059,"(76719, 60985)",-0.026779912518896103,negative,1.0
2534,"(1865, 36777)",0.008355348774656608,negative,3.0
1841,"(14837, 58744)",-0.027782729538493596,negative,5.0
1581,"(85738, 45231)",0.09124194614678209,negative,3.0
773,"(13733, 62113)",0.036918681749041435,negative,3.0
1534,"(27217, 40132)",-0.08523481210639633,negative,7.0
3731,"(69452, 74728)",0.01256119721753789,negative,5.0
2532,"(13985, 83453)",-0.04400599962035395,negative,3.0
4673,"(72957, 9322)",-0.08788584365491899,negative,3.0
4277,"(95608, 44143)",0.24132027873107825,negative,3.0
2652,"(74227, 43638)",0.01787233098991891,negative,7.0
3656,"(75108, 66592)",0.0498287589722225,negative,3.0
655,"(63727, 95485)",0.07869195176325149,negative,1.0
231,"(37746, 35992)",-0.021023613281097996,negative,3.0
2670,"(26123, 51036)",0.19720705565438248,negative,
73,"(78301, 18175)",0.020948030899792285,negative,3.0
1705,"(47952, 98621)",0.08347421794250737,negative,7.0
4893,"(62821, 47993)",-0.18267226807049206,negative,3.0
1843,"(78455, 35094)",-0.08929425230133894,negative,3.0
1112,"(46791, 30086)",-0.06489168172140888,negative,5.0
2543,"(1775, 32656)",0.1284204922646836,negative,7.0
47,"(39850, 85288)",-0.007132985148218227,negative,7.0
3891,"(69098, 52350)",-0.00010666740419775986,negative,5.0
237,"(42314, 13538)",-0.04123389707550386,negative,7.0
972,"(57847, 13347)",-0.10264474305636327,negative,1.0
2329,"(62853, 99611)",-0.021729220756969658,negative,1.0
4559,"(51350, 93630)",0.251566064520204,negative,3.0
4740,"(32958, 67409)",0.05640385355017653,negative,5.0
2103,"(61248, 37265)",0.0182601498935993,negative,7.0
4406,"(60791, 3668)",0.24766148049625594,negative,3.0
1479,"(85847, 88434)",-0.022584390547816635,negative,7.0
1722,"(37982, 58332)",-0.03173689115773217,negative,7.0
1990,"(27023, 21169)",-0.007411606925937141,negative,7.0
1768,"(53201, 49698)",-0.025831556029126707,negative,7.0
3874,"(55941, 23567)",-0.009570006601056485,negative,7.0
3545,"(5459, 28476)",0.044374646925303164,negative,5.0
1521,"(40094, 62818)",-0.05526401848229762,negative,3.0
1492,"(78236, 23990)",0.03774153653167894,negative,3.0
4664,"(8431, 83697)",0.053500403227021716,negative,5.0
4096,"(88266, 27476)",-0.06794641601934984,negative,7.0
1033,"(27574, 71261)",0.0899088090371423,negative,3.0
24,"(70176, 18740)",0.03859770081869669,negative,3.0
3746,"(82309, 31096)",-0.012431287437327422,negative,1.0
1080,"(7539, 44379)",-0.03974460095526626,negative,2.0
4536,"(88898, 86036)",-0.09135406346947375,negative,3.0
4544,"(100234, 80476)",0.1629480506432332,negative,5.0
4280,"(80863, 24140)",-0.022117123588137715,negative,7.0
3966,"(89003, 83669)",-0.003993612572862498,negative,3.0
1896,"(66304, 14163)",0.13377136144882362,negative,3.0
228,"(20790, 5490)",0.002269040106652853,negative,7.0
3391,"(55828, 10136)",-0.0845680093642117,negative,3.0
4126,"(34936, 30439)",0.14765223476310232,negative,7.0
4592,"(97821, 42980)",0.119028334555673,negative,3.0
4634,"(48915, 48993)",0.09620782518170212,negative,5.0
2582,"(96559, 27240)",0.03588767470784055,negative,3.0
2474,"(23134, 86761)",-0.10969844626926208,negative,3.0
785,"(99804, 51594)",0.05120997503596932,negative,3.0
2364,"(65882, 13369)",0.11202720262988058,negative,3.0
4609,"(23070, 11476)",-0.04877183341804917,negative,3.0
3371,"(67344, 10281)",0.024852933937627792,negative,3.0
1929,"(97238, 66257)",0.042905563114112484,negative,3.0
394,"(11693, 4142)",-0.07344313986120021,negative,7.0
1044,"(71843, 35896)",-0.09106630682006304,negative,3.0
1153,"(227, 70483)",0.013536355474626421,negative,3.0
4667,"(30762, 43970)",0.36113289040568713,negative,5.0
621,"(50390, 39260)",0.11501731114167191,negative,3.0
4051,"(67432, 33857)",0.09466354431338983,negative,3.0
2335,"(3591, 21098)",-0.003061591580850835,negative,7.0
4661,"(71655, 35162)",-0.004002151944812829,negative,7.0
2829,"(52945, 73353)",0.013753155378758403,negative,5.0
1477,"(84769, 20819)",-0.050634322844282785,negative,3.0
2150,"(39069, 56218)",0.13459101412845026,negative,7.0
2006,"(69270, 88724)",-0.007603181119323038,negative,3.0
3756,"(22430, 74165)",-0.04594795731641521,negative,7.0
890,"(57027, 74931)",-0.006301957274281029,negative,1.0
4300,"(99227, 16161)",0.046428721010827824,negative,5.0
334,"(54590, 37901)",-0.03768959515142128,negative,3.0
2491,"(59191, 77753)",0.02296414868819682,negative,7.0
277,"(96183, 59070)",0.10366508399078708,negative,3.0
4370,"(76593, 33460)",-0.01368372714061895,negative,3.0
900,"(36273, 62903)",-0.045812521717625336,negative,7.0
4164,"(18941, 98727)",0.08375747387560308,negative,3.0
2089,"(79126, 98629)",-0.09430889511189595,negative,3.0
213,"(79738, 75767)",-0.054833057518201514,negative,3.0
3742,"(34450, 82304)",-0.06668280565269499,negative,3.0
893,"(33512, 21930)",0.07395276637227607,negative,3.0
792,"(16169, 17668)",0.1421703419783224,negative,5.0
3007,"(30408, 26279)",-0.08664999969538598,negative,3.0
4659,"(73537, 75720)",-0.07792389175570835,negative,5.0
2920,"(12198, 8376)",0.02510473251794837,negative,7.0
4029,"(26880, 25847)",-0.03757481760932116,negative,3.0
4708,"(53142, 73384)",0.10228887928299833,negative,3.0
696,"(18862, 57826)",0.08071270028943336,negative,3.0
1997,"(75110, 47481)",0.07437289085146626,negative,3.0
4323,"(91302, 47958)",0.15800112247602938,negative,3.0
329,"(84692, 99215)",-0.12888745310071026,negative,3.0
2230,"(90963, 40865)",-0.09735632404201999,negative,3.0
114,"(22567, 19481)",-0.040402996391545445,negative,3.0
544,"(25491, 19553)",0.058659423986672926,negative,3.0
3780,"(24463, 78905)",0.11037202811902355,negative,3.0
1971,"(14160, 47378)",-0.08506300910670164,negative,3.0
494,"(26457, 20917)",0.01969608300424746,negative,3.0
168,"(72446, 15758)",0.13811756980593384,negative,3.0
2487,"(10806, 7094)",0.009728181609453067,negative,3.0
3081,"(28709, 2139)",0.03484212134050964,negative,3.0
2737,"(80012, 41764)",-0.01692286430598791,negative,3.0
4227,"(4342, 43933)",0.1268105178775701,negative,7.0
4205,"(7945, 5189)",0.0895009759408696,negative,7.0
2729,"(76445, 38966)",0.06085412637123268,negative,7.0
3971,"(21118, 11593)",0.08530484020399208,negative,7.0
4040,"(2146, 89694)",0.027898216506916085,negative,3.0
1966,"(72535, 91786)",0.06737661055552266,negative,5.0
579,"(89638, 63823)",0.18185464151277966,negative,3.0
955,"(48843, 54978)",0.041943347831192454,negative,7.0
4081,"(82078, 81520)",-0.17241335051955028,negative,7.0
3759,"(35942, 83728)",0.11021428866047914,negative,2.0
2938,"(52170, 39060)",-0.0920494059168063,negative,3.0
624,"(4201, 70887)",-0.20767147043445275,negative,3.0
4862,"(99137, 43489)",-0.022385310624290486,negative,5.0
4938,"(13657, 83034)",-0.07264508728547207,negative,3.0
234,"(148, 15263)",-0.06576241121793087,negative,3.0
4556,"(92706, 8975)",0.27902106739006965,negative,3.0
2878,"(43042, 99708)",0.031539028958532576,negative,3.0
4185,"(72352, 77704)",0.042742653751223054,negative,3.0
3775,"(38397, 23874)",0.08106761718432084,negative,3.0
4950,"(87854, 13854)",0.0007049806903184578,negative,5.0
3460,"(10413, 46075)",-0.12235407117529548,negative,7.0
3386,"(83574, 63467)",-0.008500614154078653,negative,3.0
1172,"(43316, 78556)",-0.06512129685030853,negative,5.0
3169,"(60589, 31432)",-0.06995746344189141,negative,3.0
3466,"(83506, 30166)",0.0004164873656026351,negative,3.0
492,"(62457, 27080)",-0.07251256841112402,negative,3.0
2992,"(25000, 50703)",0.07382049988722836,negative,3.0
1588,"(23978, 11531)",0.029895887743013726,negative,7.0
2465,"(89836, 88765)",-0.09680752453357197,negative,5.0
4918,"(57359, 28646)",-0.07542639424729793,negative,3.0
4013,"(91454, 33923)",0.17034492189961076,negative,2.0
1049,"(52659, 31480)",0.04119058162608177,negative,5.0
3675,"(22290, 84875)",-0.010506126276171132,negative,3.0
2196,"(55504, 64481)",-0.029113664945743287,negative,3.0
3287,"(58592, 56827)",0.19163801202720754,negative,2.0
4540,"(91052, 8450)",-0.0034800532176188365,negative,1.0
3692,"(37177, 12287)",0.06356758349185211,negative,5.0
2192,"(22028, 18803)",0.14378940200685145,negative,3.0
2770,"(34017, 30244)",-0.04087205330391584,negative,3.0
4293,"(16881, 76676)",-0.037091012673445466,negative,3.0
3199,"(83845, 72381)",0.12102242199937618,negative,5.0
4813,"(67216, 47112)",-0.053238940020658404,negative,3.0
1114,"(83957, 41922)",0.016449885577893095,negative,3.0
4349,"(39051, 92221)",-0.035563419242767055,negative,3.0
1601,"(97090, 61277)",-0.04131699201347601,negative,3.0
3269,"(25644, 28279)",0.154450422427095,negative,5.0
538,"(48312, 71044)",0.21054843475650004,negative,3.0
148,"(55651, 6242)",-0.015550240263137706,negative,3.0
4863,"(71330, 32749)",0.11534694811106752,negative,7.0
2821,"(40098, 33550)",0.009670160782857833,negative,5.0
204,"(4627, 66004)",0.008114612132491438,negative,3.0
2923,"(63295, 9813)",-0.03725179692966678,negative,7.0
341,"(52996, 68426)",0.07129893017941827,negative,
1661,"(64997, 82927)",0.1094027245638576,negative,5.0
17,"(58315, 15317)",0.10145422825376516,negative,5.0
1154,"(7477, 17211)",0.009970892928310979,negative,1.0
1455,"(24685, 91517)",0.04267330994700032,negative,3.0
1192,"(26009, 19678)",-0.038926571336217144,negative,1.0
3832,"(96026, 21366)",-0.015464072413300313,negative,3.0
1815,"(30619, 7071)",0.03809431502634532,negative,7.0
1631,"(86049, 76693)",-0.05716229070478301,negative,3.0
1965,"(82163, 18639)",0.0031496482870047894,negative,5.0
1058,"(40721, 24866)",0.19964165217107957,negative,5.0
3715,"(98717, 59000)",0.0028382336407419134,negative,2.0
2602,"(39812, 3775)",-0.03162645496666651,negative,2.0
1917,"(93830, 10892)",-0.02198245941624746,negative,3.0
149,"(13832, 64005)",-0.08241942767781937,negative,7.0
731,"(67244, 54560)",0.3017775219884438,negative,3.0
1269,"(27132, 41613)",0.30666871122011863,negative,7.0
980,"(93703, 30659)",-0.19619251686157846,negative,3.0
4284,"(90067, 101506)",0.036338975518314595,negative,3.0
4850,"(26125, 86340)",-0.0025315724746024656,negative,3.0
1296,"(52383, 3696)",-0.04971460233043858,negative,3.0
1152,"(23638, 785)",-0.060444471226029604,negative,7.0
1510,"(74830, 32256)",0.2618839719729398,negative,5.0
3590,"(52642, 30429)",-0.10443062622265983,negative,3.0
1790,"(95614, 89704)",-0.01462719750399991,negative,7.0
3789,"(49221, 68438)",0.17181972559854636,negative,3.0
1467,"(50653, 24704)",0.06974493804819934,negative,3.0
2367,"(24686, 98326)",-0.18436181353819878,negative,3.0
643,"(37788, 64167)",0.1712476875160437,negative,7.0
1281,"(71839, 6142)",0.025257134559149616,negative,7.0
2132,"(68625, 80279)",0.12072317116804694,negative,7.0
1327,"(77670, 1839)",0.11914789510093886,negative,5.0
1763,"(80409, 41340)",0.14825473983949122,negative,7.0
2969,"(39035, 93733)",0.02353153876623083,negative,3.0
408,"(96636, 53094)",0.04814519664286125,negative,3.0
1012,"(55402, 89889)",0.010790138058251884,negative,7.0
1850,"(29703, 82943)",0.15445273901964007,negative,1.0
822,"(12206, 44211)",-0.026423398691493516,negative,5.0
358,"(52142, 78922)",0.1647284548671809,negative,7.0
2294,"(91025, 55027)",-0.05842804793895645,negative,3.0
4887,"(26425, 75891)",-0.0018167861368299128,negative,3.0
2147,"(101168, 10208)",0.2456768745756502,negative,7.0
3005,"(45440, 24829)",0.011054291927555172,negative,3.0
2249,"(98095, 37261)",-0.02386314824317648,negative,3.0
165,"(62241, 54142)",0.003339116898234875,negative,7.0
2458,"(11412, 101325)",0.017247695036653514,negative,3.0
2853,"(36539, 80847)",0.021470790290950958,negative,7.0
3617,"(69385, 65285)",0.05101483561984635,negative,5.0
96,"(94170, 44262)",0.05322301300410679,negative,7.0
510,"(14045, 91210)",0.009749064278040606,negative,3.0
4289,"(72183, 34679)",-0.08593972632619772,negative,3.0
4154,"(18164, 86820)",-0.040383827912154814,negative,3.0
175,"(58265, 40478)",0.10842097657464483,negative,5.0
1538,"(42042, 90405)",0.1380621907329448,negative,3.0
1265,"(98057, 26881)",-0.058054647512268034,negative,5.0
4993,"(83499, 23999)",0.020197239890418266,negative,7.0
4721,"(77184, 38747)",0.10178642497240961,negative,5.0
3799,"(83835, 96783)",-0.02414382059702077,negative,5.0
1,"(739, 19558)",0.0331695347668681,negative,2.0
113,"(13084, 83096)",0.18296595194363746,negative,3.0
869,"(36942, 2199)",0.03574713238902623,negative,7.0
737,"(83605, 24324)",0.3577690048931482,negative,3.0
815,"(7603, 19009)",0.01601302948129849,negative,1.0
4514,"(13421, 94183)",0.020534068975609103,negative,3.0
3620,"(66251, 99947)",0.2296722487668808,negative,3.0
139,"(101051, 73866)",-0.0513228777015898,negative,3.0
1029,"(37879, 89369)",0.0674868292106052,negative,3.0
4042,"(32146, 32611)",-0.06632030495601507,negative,7.0
2142,"(9862, 98340)",0.04793383067826167,negative,3.0
1641,"(57154, 96415)",0.019826364734520395,negative,3.0
1875,"(36610, 4705)",-0.007828692920235655,negative,7.0
1799,"(67819, 71772)",0.12237161098146555,negative,7.0
1725,"(6027, 78777)",-0.1279973517933882,negative,3.0
2842,"(4355, 31935)",0.07142852196913729,negative,3.0
4669,"(48343, 77804)",-0.04824057933654749,negative,7.0
1436,"(37146, 97728)",0.1989565629117599,negative,3.0
3833,"(93496, 24057)",-0.00929059066997813,negative,2.0
2819,"(32235, 76180)",-0.030746625640069268,negative,3.0
1918,"(42913, 47971)",0.12820535262439373,negative,5.0
3598,"(36057, 39764)",-0.03208630545874614,negative,1.0
477,"(75956, 82863)",-0.06152253869354378,negative,3.0
1999,"(29661, 21784)",0.15803853689003,negative,3.0
2546,"(76992, 31373)",-0.036255638093943006,negative,2.0
4974,"(4214, 90597)",0.05754725597237745,negative,1.0
4650,"(64140, 19860)",0.01003829620027246,negative,3.0
4068,"(68920, 9453)",-0.0675772226099568,negative,3.0
4649,"(29432, 85143)",0.02452775349793579,negative,7.0
2278,"(47544, 75382)",0.16216354089050886,negative,3.0
1041,"(39194, 36777)",0.07931256769484427,negative,5.0
1757,"(31723, 94572)",0.09441541492024605,negative,2.0
2872,"(62272, 47055)",0.13169948878014107,negative,1.0
3066,"(32768, 95168)",-0.06453581653746056,negative,3.0
1272,"(24538, 42022)",0.009839629637770804,negative,3.0
857,"(28604, 16771)",0.053822071019809264,negative,3.0
3713,"(31213, 84063)",-0.13691155068673463,negative,5.0
3804,"(47665, 61242)",0.04332749537956433,negative,7.0
1358,"(79138, 10517)",-0.005930405940701876,negative,3.0
2965,"(78959, 34537)",0.014798877793720515,negative,3.0
1878,"(81548, 61236)",-0.06024790005607811,negative,5.0
4719,"(75173, 4827)",0.06338110108657855,negative,5.0
2180,"(29447, 2632)",-0.03976216788581391,negative,5.0
4630,"(14758, 47238)",-0.10363628614801598,negative,3.0
4475,"(79283, 83093)",0.055801458051676855,negative,5.0
4597,"(52096, 53955)",0.13220036156066478,negative,7.0
2393,"(87298, 18083)",-0.0022056912312336356,negative,3.0
3743,"(86628, 101340)",0.0044019063471373784,negative,3.0
4060,"(83328, 47803)",0.04295782952056684,negative,3.0
1075,"(58400, 64619)",-0.01936947611567187,negative,3.0
1141,"(10006, 40253)",0.3309950892410397,negative,7.0
4072,"(89348, 13871)",-0.10401470537078783,negative,2.0
2961,"(4261, 34703)",-0.11194256331755799,negative,1.0
1680,"(26293, 30607)",-0.03352257587217565,negative,3.0
1053,"(65661, 37676)",0.11737278003516749,negative,3.0
197,"(43336, 63328)",0.0810948944856813,negative,3.0
2646,"(45389, 94556)",0.14629664224297567,negative,3.0
4052,"(308, 25168)",-0.04009553647649486,negative,3.0
3958,"(38859, 31937)",-0.06020168767934433,negative,3.0
4025,"(21813, 78160)",0.16671981975646044,negative,3.0
2887,"(7647, 68079)",-0.02570779706696711,negative,3.0
960,"(4462, 96008)",-0.06510838130735874,negative,2.0
1616,"(66473, 29969)",-0.08632450124357617,negative,3.0
2333,"(90986, 18589)",0.0407674361093572,negative,5.0
3274,"(61943, 21927)",0.032161962201356184,negative,7.0
1704,"(60794, 7155)",-0.013850397691947281,negative,3.0
4,"(32272, 37339)",-0.08709746174059767,negative,3.0
4460,"(86355, 51315)",0.08565097922937615,negative,1.0
2935,"(25999, 40777)",-0.05363984465906581,negative,3.0
2950,"(94761, 37603)",-0.02577436858815969,negative,3.0
1249,"(98247, 29011)",0.1356288292685914,negative,3.0
1500,"(8705, 95302)",-0.13622901502356538,negative,2.0
253,"(30558, 95205)",0.17552886431031475,negative,3.0
3295,"(6572, 37068)",0.32291291074043604,negative,5.0
2330,"(48303, 66991)",0.0366299110811779,negative,3.0
4226,"(10270, 60962)",0.23240304827133548,negative,7.0
4176,"(57420, 100295)",0.21643300913806482,negative,7.0
4021,"(9838, 24275)",0.02871768075958566,negative,5.0
2189,"(72661, 8812)",0.006408562241663536,negative,3.0
1489,"(88928, 17527)",-0.05098344291139029,negative,7.0
4400,"(39064, 71998)",-0.019625139384617227,negative,7.0
4177,"(21640, 99320)",-0.018810320709220726,negative,1.0
1572,"(71868, 5648)",0.10450148595590897,negative,3.0
1615,"(785, 56925)",0.019155497754675115,negative,3.0
958,"(47898, 46618)",0.00046733337361474364,negative,7.0
1200,"(78074, 18834)",-0.08851111650967214,negative,3.0
410,"(58031, 73440)",0.30144884168974334,negative,3.0
349,"(8142, 92079)",0.09871980821862478,negative,3.0
3146,"(96401, 21405)",0.03303966173210925,negative,5.0
2748,"(54226, 77632)",-0.10901210541509697,negative,3.0
2125,"(84255, 53828)",-0.03919491687018425,negative,3.0
176,"(81714, 83752)",-0.039049345920186294,negative,3.0
2229,"(77009, 23066)",0.14472439926108285,negative,3.0
4104,"(13920, 96341)",-0.06323088419758835,negative,
706,"(78615, 74087)",0.03935796103122131,negative,7.0
854,"(32711, 220)",0.18002748434179078,negative,7.0
4337,"(87207, 91922)",0.005621065290094013,negative,7.0
2040,"(32003, 58749)",-0.00201910724773867,negative,3.0
3100,"(99295, 77934)",-0.08868951593318604,negative,2.0
2856,"(11398, 95734)",0.09023781796816616,negative,3.0
1133,"(80911, 30934)",0.005590367682391825,negative,7.0
3946,"(11603, 42251)",0.09804466881838203,negative,1.0
345,"(65461, 22510)",-0.08008758499060031,negative,7.0
1645,"(29899, 92474)",-0.07178938078097172,negative,5.0
4124,"(73854, 69966)",0.03142739484841502,negative,5.0
1321,"(15485, 33540)",0.01615460107457681,negative,3.0
775,"(3098, 85160)",-0.03802579815979033,negative,3.0
2355,"(73933, 12237)",0.02358625898795264,negative,7.0
3831,"(60098, 95333)",-0.13635010698955918,negative,3.0
3603,"(59288, 17025)",0.04458376451058202,negative,5.0
4686,"(35299, 95157)",0.004383388329047317,negative,3.0
1707,"(11388, 74178)",-0.14609765946775974,negative,3.0
4166,"(26089, 60059)",0.1030099017813961,negative,7.0
3854,"(38585, 116)",0.21800171201086158,negative,7.0
535,"(932, 17019)",0.1577286227682083,negative,3.0
966,"(79525, 21488)",-0.0029815252948388474,negative,3.0
4193,"(38690, 45741)",-0.04054905119277981,negative,3.0
989,"(15038, 50799)",0.048836907146631595,negative,3.0
2795,"(54765, 24841)",-0.09599243092313693,negative,5.0
1315,"(79391, 86960)",-0.028936495001830518,negative,3.0
1273,"(38890, 53680)",0.0016068411373267553,negative,3.0
3244,"(74469, 40305)",-0.13494068911293988,negative,3.0
4344,"(46954, 9145)",0.11967358751415555,negative,7.0
4737,"(93685, 62136)",0.05962013811287842,negative,5.0
977,"(58098, 36767)",-0.06012636076827569,negative,3.0
2419,"(85956, 57899)",0.005482466754492717,negative,7.0
4408,"(76531, 34830)",-0.05438687869251053,negative,5.0
4208,"(40907, 9173)",0.11699779694470756,negative,3.0
1432,"(89586, 65826)",-0.04237644922569565,negative,1.0
2812,"(88004, 84891)",-0.06025579089018254,negative,3.0
3683,"(70387, 35757)",-0.07894866601993508,negative,5.0
2198,"(79208, 42991)",-0.047007543322890435,negative,3.0
4646,"(60530, 1345)",-0.020805802646770163,negative,7.0
1756,"(14414, 62294)",-0.047746807869585,negative,3.0
1442,"(28340, 67273)",-0.04275798867502172,negative,7.0
2774,"(7254, 98398)",-0.03174111684488496,negative,3.0
601,"(29194, 41767)",0.19813506700838815,negative,7.0
3945,"(78761, 89667)",-0.06746152928795132,negative,3.0
4978,"(39305, 28205)",-0.0851189719077673,negative,3.0
2276,"(3706, 11266)",-0.0058022308076200076,negative,3.0
39,"(87684, 54361)",0.1691606066171183,negative,7.0
4352,"(5331, 30412)",0.01756847440830891,negative,3.0
68,"(318, 77697)",0.026062634752645128,negative,3.0
449,"(55032, 73685)",-0.04937275026491178,negative,3.0
3200,"(6810, 15228)",0.005835690263685564,negative,7.0
2457,"(30135, 73878)",-0.15574469083967696,negative,3.0
4545,"(69118, 66867)",0.013597895556895114,negative,3.0
945,"(98305, 74872)",-0.12735838727764376,negative,3.0
883,"(64565, 34289)",0.03933479296240187,negative,3.0
3736,"(22319, 37123)",0.288013278736316,negative,7.0
1383,"(2754, 83392)",0.15727284374633765,negative,7.0
1931,"(87101, 84240)",0.2862769048743973,negative,3.0
1576,"(48718, 34575)",-0.09280770725745674,negative,3.0
4963,"(40780, 58583)",0.11753723655077157,negative,3.0
2558,"(3324, 88088)",-0.03849815025217587,negative,7.0
1003,"(96190, 83200)",0.04185282117035169,negative,5.0
1066,"(81754, 44189)",-0.07735038992762522,negative,5.0
4973,"(10718, 50854)",-0.07275592471938927,negative,7.0
188,"(10620, 20723)",0.17162603668339435,negative,7.0
4849,"(7054, 55100)",-0.07313038179304691,negative,3.0
2471,"(45821, 26185)",-0.040029769462070694,negative,5.0
1605,"(46378, 16665)",-0.01256008015709155,negative,2.0
3555,"(59989, 71812)",0.06721159879188278,negative,3.0
1899,"(42988, 58873)",-0.04297573674723283,negative,3.0
1933,"(80634, 74426)",0.03489937056343205,negative,1.0
4757,"(83848, 62323)",-0.08270800846429872,negative,3.0
2407,"(13541, 15481)",-0.01889916460614014,negative,7.0
1561,"(48954, 74107)",0.11331205753601846,negative,3.0
1595,"(75439, 49207)",0.053499866934896875,negative,3.0
3964,"(17285, 97818)",0.02176282955812884,negative,3.0
2913,"(81768, 18919)",0.03984416792189628,negative,3.0
877,"(48921, 64267)",-0.06576850372294193,negative,3.0
1314,"(97489, 35242)",0.08857262267577982,negative,1.0
2344,"(83133, 11184)",0.009394915664275978,negative,5.0
2717,"(39518, 99459)",0.29501500958939547,negative,5.0
4662,"(34184, 62662)",0.22416994116362496,negative,7.0
